{"text": " Let me see, it's got this weird little looping function where you can replay something.", "segments": [{"id": 0, "seek": 0, "start": 0.0, "end": 5.0, "text": " Let me see, it's got this weird little looping function where you can replay something.", "tokens": [50364, 961, 385, 536, 11, 309, 311, 658, 341, 3657, 707, 6367, 278, 2445, 689, 291, 393, 23836, 746, 13, 50614], "temperature": 0.0, "avg_logprob": -0.2742744575847279, "compression_ratio": 1.0740740740740742, "no_speech_prob": 0.06413344293832779}], "language": "en"}