{"text": " Wire end? You have to plug it in or you can take it?", "segments": [{"id": 0, "seek": 0, "start": 0.0, "end": 2.0, "text": " Wire end? You have to plug it in or you can take it?", "tokens": [50364, 32598, 917, 30, 509, 362, 281, 5452, 309, 294, 420, 291, 393, 747, 309, 30, 50464], "temperature": 0.0, "avg_logprob": -0.4689342710706923, "compression_ratio": 0.9122807017543859, "no_speech_prob": 0.151951864361763}], "language": "en"}