{"text": " You know how they were, with no affection, to know anything things, and so what's happened, she was the only reason why I was like...", "segments": [{"id": 0, "seek": 0, "start": 0.0, "end": 13.0, "text": " You know how they were, with no affection, to know anything things, and so what's happened, she was the only reason why I was like...", "tokens": [50364, 509, 458, 577, 436, 645, 11, 365, 572, 20080, 11, 281, 458, 1340, 721, 11, 293, 370, 437, 311, 2011, 11, 750, 390, 264, 787, 1778, 983, 286, 390, 411, 485, 51014], "temperature": 0.0, "avg_logprob": -0.9551485847024357, "compression_ratio": 1.2429906542056075, "no_speech_prob": 0.4762261211872101}], "language": "en"}