{"text": " I, I, I, I don't know, no, no what it is, I, I, I, I don't know, no, no what it is, I, I, I, I, don't know, no, no what it is. I, I, I, I don't know, no, no, no what it is. I, I, I. I, I don't know know what it is, I, I, I don't know know know what it is.", "segments": [{"id": 0, "seek": 0, "start": 0.0, "end": 14.700000000000001, "text": " I, I, I, I don't know, no, no what it is, I, I, I, I don't know, no, no what it is, I, I, I, I, don't know, no, no what it is.", "tokens": [286, 11, 286, 11, 286, 11, 286, 500, 380, 458, 11, 572, 11, 572, 437, 309, 307, 11, 286, 11, 286, 11, 286, 11, 286, 500, 380, 458, 11, 572, 11, 572, 437, 309, 307, 11, 286, 11, 286, 11, 286, 11, 286, 11, 500, 380, 458, 11, 572, 11, 572, 437, 309, 307, 13], "temperature": 1.0, "avg_logprob": -0.4959888672560788, "compression_ratio": 3.4150943396226414, "no_speech_prob": 0.35103148221969604}, {"id": 1, "seek": 0, "start": 14.700000000000001, "end": 19.5, "text": " I, I, I, I don't know, no, no, no what it is.", "tokens": [286, 11, 286, 11, 286, 11, 286, 500, 380, 458, 11, 572, 11, 572, 11, 572, 437, 309, 307, 13], "temperature": 1.0, "avg_logprob": -0.4959888672560788, "compression_ratio": 3.4150943396226414, "no_speech_prob": 0.35103148221969604}, {"id": 2, "seek": 0, "start": 21.48, "end": 23.240000000000002, "text": " I, I, I.", "tokens": [286, 11, 286, 11, 286, 13], "temperature": 1.0, "avg_logprob": -0.4959888672560788, "compression_ratio": 3.4150943396226414, "no_speech_prob": 0.35103148221969604}, {"id": 3, "seek": 2324, "start": 23.24, "end": 34.68, "text": " I, I don't know know what it is, I, I, I don't know know know what it is.", "tokens": [50364, 286, 11, 286, 500, 380, 458, 458, 437, 309, 307, 11, 286, 11, 286, 11, 286, 500, 380, 458, 458, 458, 437, 309, 307, 13, 50936], "temperature": 0.0, "avg_logprob": -0.39101171493530273, "compression_ratio": 1.7804878048780488, "no_speech_prob": 0.34143611788749695}], "language": "en"}