{"text": " Offend Asia? The movie. I'm sorry, but I don't have any information on a movie called Offend Asia. The movie. Offend Asia is a condition in which a person is unable.", "segments": [{"id": 0, "seek": 0, "start": 0.0, "end": 18.0, "text": " Offend Asia? The movie. I'm sorry, but I don't have any information on a movie called Offend Asia. The movie. Offend Asia is a condition in which a person is unable.", "tokens": [50364, 6318, 521, 10038, 30, 440, 3169, 13, 286, 478, 2597, 11, 457, 286, 500, 380, 362, 604, 1589, 322, 257, 3169, 1219, 6318, 521, 10038, 13, 440, 3169, 13, 6318, 521, 10038, 307, 257, 4188, 294, 597, 257, 954, 307, 11299, 13, 51264], "temperature": 0.0, "avg_logprob": -0.3036736170450846, "compression_ratio": 1.375, "no_speech_prob": 0.30126145482063293}], "language": "en"}